{
  "vehicle": "Toyota Yaris 2015",
  "capture_date": "2026-07-03T14:23:06",
  "n_rows": 2148,
  "duration_s": 2148,
  "n_windows": 209,
  "supported_pids": [
    "ACCELERATOR_PEDAL_POSITION_D",
    "ACCELERATOR_PEDAL_POSITION_E",
    "COMMANDED_THROTTLE_ACTUATOR",
    "CONTROL_MODULE_VOLTAGE",
    "COOLANT_TEMPERATURE",
    "ENGINE_LOAD",
    "ENGINE_RPM",
    "INTAKE_AIR_TEMPERATURE",
    "INTAKE_MANIFOLD_PRESSURE",
    "LONG_TERM_FUEL_TRIM_BANK_1",
    "SHORT_TERM_FUEL_TRIM_BANK_1",
    "THROTTLE",
    "TIMING_ADVANCE",
    "VEHICLE_SPEED"
  ],
  "missing_pids": [],
  "feature_means": {
    "ENGINE_RPM__mean": 1179.6529306220095,
    "ENGINE_RPM__std": 284.3663816354757,
    "ENGINE_RPM__min": 816.3732057416267,
    "ENGINE_RPM__max": 1841.982057416268,
    "ENGINE_RPM__delta": 10.645933014354068,
    "VEHICLE_SPEED__mean": 19.893460925039875,
    "VEHICLE_SPEED__std": 7.608269441363643,
    "VEHICLE_SPEED__min": 7.090909090909091,
    "VEHICLE_SPEED__max": 33.07655502392345,
    "VEHICLE_SPEED__delta": 0.12440191387559808,
    "THROTTLE__mean": 21.946938357256776,
    "THROTTLE__std": 3.0315237373502235,
    "THROTTLE__min": 19.540497607655507,
    "THROTTLE__max": 30.057157894736843,
    "THROTTLE__delta": 0.09944497607655502,
    "ENGINE_LOAD__mean": 51.302821132376394,
    "ENGINE_LOAD__std": 13.022557702232946,
    "ENGINE_LOAD__min": 34.920674641148324,
    "ENGINE_LOAD__max": 79.57406220095693,
    "ENGINE_LOAD__delta": 0.7017511961722487,
    "COOLANT_TEMPERATURE__mean": 94.61419457735248,
    "COOLANT_TEMPERATURE__std": 0.8518092889487623,
    "COOLANT_TEMPERATURE__min": 93.26315789473684,
    "COOLANT_TEMPERATURE__max": 95.97129186602871,
    "COOLANT_TEMPERATURE__delta": 1.6698564593301435,
    "LONG_TERM_FUEL_TRIM_BANK_1__mean": -7.9275588516746405,
    "LONG_TERM_FUEL_TRIM_BANK_1__std": 1.0126820051962269,
    "LONG_TERM_FUEL_TRIM_BANK_1__min": -9.546894736842106,
    "LONG_TERM_FUEL_TRIM_BANK_1__max": -5.7978038277511965,
    "LONG_TERM_FUEL_TRIM_BANK_1__delta": 0.018674641148325385,
    "SHORT_TERM_FUEL_TRIM_BANK_1__mean": 1.222129744816587,
    "SHORT_TERM_FUEL_TRIM_BANK_1__std": 2.592279287849153,
    "SHORT_TERM_FUEL_TRIM_BANK_1__min": -3.708263157894737,
    "SHORT_TERM_FUEL_TRIM_BANK_1__max": 5.9959377990430625,
    "SHORT_TERM_FUEL_TRIM_BANK_1__delta": -0.03365071770334936,
    "INTAKE_MANIFOLD_PRESSURE__mean": 0.0,
    "INTAKE_MANIFOLD_PRESSURE__std": 0.0,
    "INTAKE_MANIFOLD_PRESSURE__min": 0.0,
    "INTAKE_MANIFOLD_PRESSURE__max": 0.0,
    "INTAKE_MANIFOLD_PRESSURE__delta": 0.0,
    "ACCELERATOR_PEDAL_POSITION_D__mean": 19.086343141945772,
    "ACCELERATOR_PEDAL_POSITION_D__std": 3.6335829212745385,
    "ACCELERATOR_PEDAL_POSITION_D__min": 16.078,
    "ACCELERATOR_PEDAL_POSITION_D__max": 27.233277511961724,
    "ACCELERATOR_PEDAL_POSITION_D__delta": 0.15762200956937802,
    "ACCELERATOR_PEDAL_POSITION_E__mean": 34.775262998405104,
    "ACCELERATOR_PEDAL_POSITION_E__std": 3.551069636977481,
    "ACCELERATOR_PEDAL_POSITION_E__min": 31.764999999999993,
    "ACCELERATOR_PEDAL_POSITION_E__max": 42.587459330143545,
    "ACCELERATOR_PEDAL_POSITION_E__delta": 0.22889952153110046,
    "COMMANDED_THROTTLE_ACTUATOR__mean": 21.80325303030303,
    "COMMANDED_THROTTLE_ACTUATOR__std": 2.815878725211025,
    "COMMANDED_THROTTLE_ACTUATOR__min": 19.463593301435413,
    "COMMANDED_THROTTLE_ACTUATOR__max": 29.180999999999997,
    "COMMANDED_THROTTLE_ACTUATOR__delta": 0.04877033492822967,
    "INTAKE_AIR_TEMPERATURE__mean": 35.45470494417862,
    "INTAKE_AIR_TEMPERATURE__std": 0.43542325375225727,
    "INTAKE_AIR_TEMPERATURE__min": 34.73205741626794,
    "INTAKE_AIR_TEMPERATURE__max": 36.0,
    "INTAKE_AIR_TEMPERATURE__delta": 0.14832535885167464,
    "TIMING_ADVANCE__mean": 10.96084529505582,
    "TIMING_ADVANCE__std": 6.405466270920241,
    "TIMING_ADVANCE__min": -0.507177033492823,
    "TIMING_ADVANCE__max": 22.983253588516746,
    "TIMING_ADVANCE__delta": 0.05502392344497608,
    "CONTROL_MODULE_VOLTAGE__mean": 13.531768740031897,
    "CONTROL_MODULE_VOLTAGE__std": 0.07664183294962816,
    "CONTROL_MODULE_VOLTAGE__min": 13.320684210526316,
    "CONTROL_MODULE_VOLTAGE__max": 13.613272727272728,
    "CONTROL_MODULE_VOLTAGE__delta": -0.006712918660287109,
    "THROTTLE_TO_PEDAL_RATIO": 1.1986965425236642,
    "MAP_PER_THROTTLE": 0.0,
    "FUEL_TRIM_DIVERGENCE": -9.149688596491227,
    "THROTTLE_CMD_ACTUAL_DELTA": 0.14368532695374805,
    "COOLANT_WARMUP_RATE": 1.7006957009588874,
    "FUEL_LOOP_ACTIVE": 1.0,
    "RPM_IDLE_DRIFT": 7.390562651628543,
    "TIMING_VS_TEMP": -3.2523125996810207
  },
  "feature_stds": {
    "ENGINE_RPM__mean": 222.26081097977888,
    "ENGINE_RPM__std": 113.12349282533349,
    "ENGINE_RPM__min": 137.77177820796416,
    "ENGINE_RPM__max": 447.78766712981957,
    "ENGINE_RPM__delta": 535.4889374660614,
    "VEHICLE_SPEED__mean": 12.385168660466734,
    "VEHICLE_SPEED__std": 4.230513579384663,
    "VEHICLE_SPEED__min": 8.814210125161047,
    "VEHICLE_SPEED__max": 16.067259217245155,
    "VEHICLE_SPEED__delta": 18.432959552064194,
    "THROTTLE__mean": 1.9003810998368824,
    "THROTTLE__std": 1.906578998358948,
    "THROTTLE__min": 0.6729519425485906,
    "THROTTLE__max": 6.414806880179441,
    "THROTTLE__delta": 5.930501821484238,
    "ENGINE_LOAD__mean": 7.306752442345373,
    "ENGINE_LOAD__std": 6.44155294704137,
    "ENGINE_LOAD__min": 5.6253104445435635,
    "ENGINE_LOAD__max": 16.396493804829884,
    "ENGINE_LOAD__delta": 21.90668537239448,
    "COOLANT_TEMPERATURE__mean": 13.746433223621915,
    "COOLANT_TEMPERATURE__std": 0.9257440300414944,
    "COOLANT_TEMPERATURE__min": 15.000881364184638,
    "COOLANT_TEMPERATURE__max": 12.694765479515011,
    "COOLANT_TEMPERATURE__delta": 3.6393780001807876,
    "LONG_TERM_FUEL_TRIM_BANK_1__mean": 0.5846931920189073,
    "LONG_TERM_FUEL_TRIM_BANK_1__std": 0.6030831648786447,
    "LONG_TERM_FUEL_TRIM_BANK_1__min": 0.720503471246019,
    "LONG_TERM_FUEL_TRIM_BANK_1__max": 1.9100926816323702,
    "LONG_TERM_FUEL_TRIM_BANK_1__delta": 1.8664372835367566,
    "SHORT_TERM_FUEL_TRIM_BANK_1__mean": 1.3569587015365838,
    "SHORT_TERM_FUEL_TRIM_BANK_1__std": 0.5760562054716948,
    "SHORT_TERM_FUEL_TRIM_BANK_1__min": 1.841790540442304,
    "SHORT_TERM_FUEL_TRIM_BANK_1__max": 2.3180617792455367,
    "SHORT_TERM_FUEL_TRIM_BANK_1__delta": 4.313455259433099,
    "INTAKE_MANIFOLD_PRESSURE__mean": 0.0,
    "INTAKE_MANIFOLD_PRESSURE__std": 0.0,
    "INTAKE_MANIFOLD_PRESSURE__min": 0.0,
    "INTAKE_MANIFOLD_PRESSURE__max": 0.0,
    "INTAKE_MANIFOLD_PRESSURE__delta": 0.0,
    "ACCELERATOR_PEDAL_POSITION_D__mean": 1.7792609814744766,
    "ACCELERATOR_PEDAL_POSITION_D__std": 1.5839013488726814,
    "ACCELERATOR_PEDAL_POSITION_D__min": 0.0,
    "ACCELERATOR_PEDAL_POSITION_D__max": 4.7049609183883,
    "ACCELERATOR_PEDAL_POSITION_D__delta": 6.4296721530634215,
    "ACCELERATOR_PEDAL_POSITION_E__mean": 1.756804845870795,
    "ACCELERATOR_PEDAL_POSITION_E__std": 1.531657203567558,
    "ACCELERATOR_PEDAL_POSITION_E__min": 0.0,
    "ACCELERATOR_PEDAL_POSITION_E__max": 4.5159520224863545,
    "ACCELERATOR_PEDAL_POSITION_E__delta": 6.0397737143873655,
    "COMMANDED_THROTTLE_ACTUATOR__mean": 1.8540286520915934,
    "COMMANDED_THROTTLE_ACTUATOR__std": 1.897347252588955,
    "COMMANDED_THROTTLE_ACTUATOR__min": 0.5782311355154878,
    "COMMANDED_THROTTLE_ACTUATOR__max": 6.59347847149492,
    "COMMANDED_THROTTLE_ACTUATOR__delta": 5.459671298173184,
    "INTAKE_AIR_TEMPERATURE__mean": 1.906031566475172,
    "INTAKE_AIR_TEMPERATURE__std": 0.22564786043291796,
    "INTAKE_AIR_TEMPERATURE__min": 1.9940044287250578,
    "INTAKE_AIR_TEMPERATURE__max": 1.9928100426354511,
    "INTAKE_AIR_TEMPERATURE__delta": 1.031563856402209,
    "TIMING_ADVANCE__mean": 3.552473380862069,
    "TIMING_ADVANCE__std": 1.8693246176661398,
    "TIMING_ADVANCE__min": 4.407605016674386,
    "TIMING_ADVANCE__max": 5.357412870756768,
    "TIMING_ADVANCE__delta": 10.265638606741051,