{
  "vehicle": "Toyota Yaris 2015",
  "capture_date": "2026-07-02T09:37:21",
  "n_rows": 1740,
  "duration_s": 1740,
  "n_windows": 169,
  "supported_pids": [
    "ACCELERATOR_PEDAL_POSITION_D",
    "ACCELERATOR_PEDAL_POSITION_E",
    "COMMANDED_THROTTLE_ACTUATOR",
    "CONTROL_MODULE_VOLTAGE",
    "COOLANT_TEMPERATURE",
    "ENGINE_LOAD",
    "ENGINE_RPM",
    "INTAKE_AIR_TEMPERATURE",
    "INTAKE_MANIFOLD_PRESSURE",
    "LONG_TERM_FUEL_TRIM_BANK_1",
    "SHORT_TERM_FUEL_TRIM_BANK_1",
    "THROTTLE",
    "TIMING_ADVANCE",
    "VEHICLE_SPEED"
  ],
  "missing_pids": [],
  "feature_means": {
    "ENGINE_RPM__mean": 1653.4185404339248,
    "ENGINE_RPM__std": 202.56863237162423,
    "ENGINE_RPM__min": 1261.1627218934912,
    "ENGINE_RPM__max": 1998.0133136094676,
    "ENGINE_RPM__delta": 29.634615384615383,
    "VEHICLE_SPEED__mean": 53.101775147929,
    "VEHICLE_SPEED__std": 6.450459409405663,
    "VEHICLE_SPEED__min": 42.21301775147929,
    "VEHICLE_SPEED__max": 63.18934911242604,
    "VEHICLE_SPEED__delta": 2.0414201183431953,
    "THROTTLE__mean": 24.709845857988164,
    "THROTTLE__std": 3.1182561286030372,
    "THROTTLE__min": 20.50571597633136,
    "THROTTLE__max": 31.676520710059172,
    "THROTTLE__delta": 0.0765680473372781,
    "ENGINE_LOAD__mean": 61.68630562130179,
    "ENGINE_LOAD__std": 14.31080892399636,
    "ENGINE_LOAD__min": 37.575159763313614,
    "ENGINE_LOAD__max": 86.03547337278106,
    "ENGINE_LOAD__delta": 0.3457396449704145,
    "COOLANT_TEMPERATURE__mean": 101.93796844181462,
    "COOLANT_TEMPERATURE__std": 0.7811127304840322,
    "COOLANT_TEMPERATURE__min": 100.75739644970415,
    "COOLANT_TEMPERATURE__max": 103.07100591715977,
    "COOLANT_TEMPERATURE__delta": 0.5976331360946746,
    "LONG_TERM_FUEL_TRIM_BANK_1__mean": -6.452996252465484,
    "LONG_TERM_FUEL_TRIM_BANK_1__std": 1.257236604060711,
    "LONG_TERM_FUEL_TRIM_BANK_1__min": -8.265686390532544,
    "LONG_TERM_FUEL_TRIM_BANK_1__max": -4.484053254437869,
    "LONG_TERM_FUEL_TRIM_BANK_1__delta": -0.07859763313609464,
    "SHORT_TERM_FUEL_TRIM_BANK_1__mean": -0.4256589743589744,
    "SHORT_TERM_FUEL_TRIM_BANK_1__std": 2.5861246765018047,
    "SHORT_TERM_FUEL_TRIM_BANK_1__min": -4.969615384615385,
    "SHORT_TERM_FUEL_TRIM_BANK_1__max": 4.373195266272189,
    "SHORT_TERM_FUEL_TRIM_BANK_1__delta": 0.0832307692307692,
    "INTAKE_MANIFOLD_PRESSURE__mean": 0.0,
    "INTAKE_MANIFOLD_PRESSURE__std": 0.0,
    "INTAKE_MANIFOLD_PRESSURE__min": 0.0,
    "INTAKE_MANIFOLD_PRESSURE__max": 0.0,
    "INTAKE_MANIFOLD_PRESSURE__delta": 0.0,
    "ACCELERATOR_PEDAL_POSITION_D__mean": 21.67561706114398,
    "ACCELERATOR_PEDAL_POSITION_D__std": 3.0918627657399895,
    "ACCELERATOR_PEDAL_POSITION_D__min": 16.897295857988166,
    "ACCELERATOR_PEDAL_POSITION_D__max": 27.381437869822484,
    "ACCELERATOR_PEDAL_POSITION_D__delta": 0.12299408284023661,
    "ACCELERATOR_PEDAL_POSITION_E__mean": 37.47661400394477,
    "ACCELERATOR_PEDAL_POSITION_E__std": 3.1059460054059387,
    "ACCELERATOR_PEDAL_POSITION_E__min": 32.655940828402365,
    "ACCELERATOR_PEDAL_POSITION_E__max": 43.160384615384615,
    "ACCELERATOR_PEDAL_POSITION_E__delta": 0.13919526627218937,
    "COMMANDED_THROTTLE_ACTUATOR__mean": 24.682308284023673,
    "COMMANDED_THROTTLE_ACTUATOR__std": 3.1349213406922614,
    "COMMANDED_THROTTLE_ACTUATOR__min": 20.273863905325445,
    "COMMANDED_THROTTLE_ACTUATOR__max": 31.72525443786982,
    "COMMANDED_THROTTLE_ACTUATOR__delta": 0.21117751479289945,
    "INTAKE_AIR_TEMPERATURE__mean": 36.51794871794871,
    "INTAKE_AIR_TEMPERATURE__std": 0.471039928197234,
    "INTAKE_AIR_TEMPERATURE__min": 35.75739644970414,
    "INTAKE_AIR_TEMPERATURE__max": 37.14792899408284,
    "INTAKE_AIR_TEMPERATURE__delta": -0.2603550295857988,
    "TIMING_ADVANCE__mean": 17.18870808678501,
    "TIMING_ADVANCE__std": 6.918343408591577,
    "TIMING_ADVANCE__min": 3.6775147928994083,
    "TIMING_ADVANCE__max": 28.742603550295858,
    "TIMING_ADVANCE__delta": -0.05029585798816568,
    "CONTROL_MODULE_VOLTAGE__mean": 13.513262327416172,
    "CONTROL_MODULE_VOLTAGE__std": 0.02772814719077361,
    "CONTROL_MODULE_VOLTAGE__min": 13.4561775147929,
    "CONTROL_MODULE_VOLTAGE__max": 13.556893491124262,
    "CONTROL_MODULE_VOLTAGE__delta": -0.003230769230769206,
    "THROTTLE_TO_PEDAL_RATIO": 1.1479514715334986,
    "MAP_PER_THROTTLE": 0.0,
    "FUEL_TRIM_DIVERGENCE": -6.027337278106509,
    "THROTTLE_CMD_ACTUAL_DELTA": 0.027537573964497034,
    "COOLANT_WARMUP_RATE": 0.6205175336343792,
    "FUEL_LOOP_ACTIVE": 1.0,
    "RPM_IDLE_DRIFT": 0.7602551222491918,
    "TIMING_VS_TEMP": 2.199733727810651
  },
  "feature_stds": {
    "ENGINE_RPM__mean": 371.2909897136644,
    "ENGINE_RPM__std": 85.72253060509757,
    "ENGINE_RPM__min": 392.5180414588581,
    "ENGINE_RPM__max": 320.7853058833537,
    "ENGINE_RPM__delta": 388.40030553190627,
    "VEHICLE_SPEED__mean": 22.223905651002966,
    "VEHICLE_SPEED__std": 3.44945785151977,
    "VEHICLE_SPEED__min": 24.490588865198443,
    "VEHICLE_SPEED__max": 19.69740631536743,
    "VEHICLE_SPEED__delta": 16.915157248125897,
    "THROTTLE__mean": 2.4031467464499503,
    "THROTTLE__std": 2.1055354737143803,
    "THROTTLE__min": 1.438625051107393,
    "THROTTLE__max": 7.773025926136338,
    "THROTTLE__delta": 6.995999680065464,
    "ENGINE_LOAD__mean": 7.39867713423109,
    "ENGINE_LOAD__std": 5.108600726322828,
    "ENGINE_LOAD__min": 8.231324240340895,
    "ENGINE_LOAD__max": 8.345630570668227,
    "ENGINE_LOAD__delta": 24.241343635079108,
    "COOLANT_TEMPERATURE__mean": 2.8994864337574,
    "COOLANT_TEMPERATURE__std": 0.6179428525955607,
    "COOLANT_TEMPERATURE__min": 3.620334789871874,
    "COOLANT_TEMPERATURE__max": 2.1361192609511312,
    "COOLANT_TEMPERATURE__delta": 2.8478571340471803,
    "LONG_TERM_FUEL_TRIM_BANK_1__mean": 0.887279931246574,
    "LONG_TERM_FUEL_TRIM_BANK_1__std": 0.3276798911710515,
    "LONG_TERM_FUEL_TRIM_BANK_1__min": 0.6671430228157267,
    "LONG_TERM_FUEL_TRIM_BANK_1__max": 0.7710927177794415,
    "LONG_TERM_FUEL_TRIM_BANK_1__delta": 2.110514431020241,
    "SHORT_TERM_FUEL_TRIM_BANK_1__mean": 1.0845993246204457,
    "SHORT_TERM_FUEL_TRIM_BANK_1__std": 0.3845120730110595,
    "SHORT_TERM_FUEL_TRIM_BANK_1__min": 1.138593220035171,
    "SHORT_TERM_FUEL_TRIM_BANK_1__max": 1.668191378908302,
    "SHORT_TERM_FUEL_TRIM_BANK_1__delta": 3.8369276417220393,
    "INTAKE_MANIFOLD_PRESSURE__mean": 0.0,
    "INTAKE_MANIFOLD_PRESSURE__std": 0.0,
    "INTAKE_MANIFOLD_PRESSURE__min": 0.0,
    "INTAKE_MANIFOLD_PRESSURE__max": 0.0,
    "INTAKE_MANIFOLD_PRESSURE__delta": 0.0,
    "ACCELERATOR_PEDAL_POSITION_D__mean": 2.2264466427953833,
    "ACCELERATOR_PEDAL_POSITION_D__std": 1.3837656879320017,
    "ACCELERATOR_PEDAL_POSITION_D__min": 1.6374085731865993,
    "ACCELERATOR_PEDAL_POSITION_D__max": 4.4296984988279435,
    "ACCELERATOR_PEDAL_POSITION_D__delta": 5.923615159857633,
    "ACCELERATOR_PEDAL_POSITION_E__mean": 2.252417807995727,
    "ACCELERATOR_PEDAL_POSITION_E__std": 1.3976411948459817,
    "ACCELERATOR_PEDAL_POSITION_E__min": 1.7152093415254357,
    "ACCELERATOR_PEDAL_POSITION_E__max": 4.438297142669383,
    "ACCELERATOR_PEDAL_POSITION_E__delta": 5.944094687020186,
    "COMMANDED_THROTTLE_ACTUATOR__mean": 2.425811490476501,
    "COMMANDED_THROTTLE_ACTUATOR__std": 2.109969154962027,
    "COMMANDED_THROTTLE_ACTUATOR__min": 1.3879539832374652,
    "COMMANDED_THROTTLE_ACTUATOR__max": 7.487010692711489,
    "COMMANDED_THROTTLE_ACTUATOR__delta": 6.955341381399054,
    "INTAKE_AIR_TEMPERATURE__mean": 3.298837780716801,
    "INTAKE_AIR_TEMPERATURE__std": 0.21090835163527016,
    "INTAKE_AIR_TEMPERATURE__min": 3.302368931358815,
    "INTAKE_AIR_TEMPERATURE__max": 3.3734972768056246,
    "INTAKE_AIR_TEMPERATURE__delta": 1.0893360952396018,
    "TIMING_ADVANCE__mean": 6.1279948030847855,
    "TIMING_ADVANCE__std": 1.74335841419669,
    "TIMING_ADVANCE__min": 6.7570583548411,
    "TIMING_ADVANCE__max": 4.46389410918041,
    "TIMING_ADVANCE__delta": 12.084104304231447,