{
  "air_system": {
    "fault_type": "air_system",
    "mae": 0.18593838686421185,
    "mae_pct_of_range": 18.593838686421186,
    "meets_commit_target": false,
    "meets_stretch_target": false,
    "n_train": 797,
    "n_test": 209,
    "severity_target_mean": 0.15105110024671137,
    "severity_target_std": 0.24357924151052354
  },
  "fuel_system": {
    "fault_type": "fuel_system",
    "mae": 0.12406767437359813,
    "mae_pct_of_range": 12.406767437359813,
    "meets_commit_target": true,
    "meets_stretch_target": false,
    "n_train": 797,
    "n_test": 209,
    "severity_target_mean": 0.677357362520609,
    "severity_target_std": 0.27523488224169046
  },
  "coolant_temp_sensor": {
    "fault_type": "coolant_temp_sensor",
    "mae": 0.006712781730475454,
    "mae_pct_of_range": 0.6712781730475453,
    "meets_commit_target": true,
    "meets_stretch_target": true,
    "n_train": 797,
    "n_test": 209,
    "severity_target_mean": 0.9537739116539464,
    "severity_target_std": 0.1497857151456017
  },
  "throttle_position_sensor": {
    "fault_type": "throttle_position_sensor",
    "mae": 0.0634801440820954,
    "mae_pct_of_range": 6.34801440820954,
    "meets_commit_target": true,
    "meets_stretch_target": true,
    "n_train": 797,
    "n_test": 209,
    "severity_target_mean": 0.7638421757889592,
    "severity_target_std": 0.15925504177791985
  }
}