{
  "per_session": {
    "drive1": 0.8196760280553508,
    "live10": 0.9976702085792996,
    "live11": 0.9712183699147211,
    "live12": 0.8499224471137105,
    "live5": 0.9906332445802867,
    "live6": 0.9989116712376475,
    "live7": 0.998984371579915,
    "live8": 0.995870800477957,
    "live9": 0.9953343220862686
  },
  "mean_f1": 0.9575801626250174,
  "std_f1": 0.07054041782654169,
  "min_f1": 0.8196760280553508,
  "max_f1": 0.998984371579915
}