{
  "per_session": {
    "drive1": 0.7242749760557782,
    "live10": 0.7596866096866096,
    "live11": 0.7530310911906936,
    "live12": 0.5253903436752801,
    "live5": 0.9869644925225791,
    "live6": 0.9909079334584686,
    "live7": 0.9966754050280732,
    "live8": 0.9828648769943539,
    "live9": 0.9741452592067787
  },
  "mean_f1": 0.8548823319798461,
  "std_f1": 0.17018969826580194,
  "min_f1": 0.5253903436752801,
  "max_f1": 0.9966754050280732
}