{
  "per_session": {
    "drive1": 0.8244607274237142,
    "drive10": 0.8959241435627473,
    "drive11": 0.825066951608756,
    "drive12": 0.9955887507880282,
    "drive13": 0.9966910372078615,
    "drive2": 0.8333333333333334,
    "drive3": 1.0,
    "drive4": 0.9972740652617201,
    "drive5": 0.9036197375707219,
    "drive6": 1.0,
    "drive7": 1.0,
    "drive8": 0.8333333333333334,
    "drive9": 0.8317174747499855,
    "idle1": 1.0,
    "idle10": 0.8333333333333334,
    "idle11": 0.8333333333333334,
    "idle12": 0.8314875600589886,
    "idle13": 1.0,
    "idle14": 0.8129855278204977,
    "idle15": 0.8333333333333334,
    "idle16": 1.0,
    "idle17": 0.829847704847705,
    "idle18": 1.0,
    "idle19": 0.8298579782790309,
    "idle2": 0.9755961740041929,
    "idle20": 0.8333333333333334,
    "idle21": 0.8333333333333334,
    "idle22": 0.9931382793451758,
    "idle23": 1.0,
    "idle24": 0.8492700537353369,
    "idle25": 0.8333333333333334,
    "idle26": 0.8333333333333334,
    "idle27": 0.8333333333333334,
    "idle28": 1.0,
    "idle29": 0.8333333333333334,
    "idle3": 0.9974629533529379,
    "idle30": 0.987260629665693,
    "idle31": 0.9873331310679611,
    "idle32": 0.997892166313219,
    "idle33": 0.9904032141088878,
    "idle34": 1.0,
    "idle35": 0.8333333333333334,
    "idle36": 0.8333333333333334,
    "idle37": 0.8333333333333334,
    "idle38": 0.8333333333333334,
    "idle39": 0.8333333333333334,
    "idle4": 0.9980604137049404,
    "idle40": 0.8333333333333334,
    "idle41": 0.8333333333333334,
    "idle42": 0.8333333333333334,
    "idle43": 1.0,
    "idle44": 1.0,
    "idle45": 1.0,
    "idle46": 1.0,
    "idle47": 1.0,
    "idle5": 1.0,
    "idle6": 0.8333333333333334,
    "idle7": 0.8298150604185087,
    "idle8": 0.9878885159784035,
    "idle9": 0.8333333333333334,
    "live1": 0.8721162536825493,
    "live10": 0.9908775770844737,
    "live11": 0.9824552068847371,
    "live12": 0.8848727222144944,
    "live13": 0.9890805472932044,
    "live14": 0.995173611111111,
    "live15": 0.9784350021858342,
    "live16": 0.9943632745102761,
    "live17": 0.9982519078394859,
    "live18": 0.9895443808763503,
    "live19": 1.0,
    "live2": 1.0,
    "live20": 0.9956022724642635,
    "live21": 1.0,
    "live22": 1.0,
    "live23": 0.9981291025489724,
    "live24": 1.0,
    "live25": 0.9993006745740205,
    "live26": 0.8097702448210923,
    "live27": 0.9857549461425971,
    "live28": 0.8333333333333334,
    "live29": 0.9976071090151734,
    "live3": 0.9971758379010508,
    "live30": 0.9371596145789695,
    "live31": 0.6994270697672541,
    "live32": 0.8333333333333334,
    "live33": 0.8325729829822448,
    "live34": 0.8323215977840951,
    "live35": 0.8333333333333334,
    "live36": 0.8311076563288952,
    "live37": 0.8333333333333334,
    "live38": 0.8292972972972974,
    "live39": 0.7964841952497257,
    "live4": 0.9954571440960397,
    "live5": 0.9988555321245774,
    "live6": 0.9977660101318294,
    "live7": 0.9955408408786505,
    "live8": 0.9981100837186055,
    "live9": 0.9724695407685099,
    "long1": 0.8267564742279386,
    "long10": 0.8315200739538945,
    "long11": 0.8328991184355902,
    "long12": 1.0,
    "long2": 0.8122680615947138,
    "long3": 0.9969863553071949,
    "long4": 0.9986745728408591,
    "long5": 0.8295059675429252,
    "long6": 0.8333333333333334,
    "long7": 0.8274676413338563,
    "long8": 0.8887802837342723,
    "long9": 0.9970906586013135,
    "ufpe1": 0.8270022158911048,
    "ufpe10": 1.0,
    "ufpe11": 1.0,
    "ufpe12": 0.9925919663845427,
    "ufpe13": 0.9990099990099991,
    "ufpe14": 0.9957928544885067,
    "ufpe15": 0.7701286070838987,
    "ufpe16": 0.8333333333333334,
    "ufpe17": 0.9791211630146316,
    "ufpe18": 0.8191239152925789,
    "ufpe2": 0.8333333333333334,
    "ufpe3": 0.9842753809646339,
    "ufpe4": 0.8333333333333334,
    "ufpe5": 0.8333333333333334,
    "ufpe6": 0.8333333333333334,
    "ufpe7": 1.0,
    "ufpe8": 0.8602588470580232,
    "ufpe9": 1.0
  },
  "mean_f1": 0.9166380618436063,
  "std_f1": 0.0836098596791375,
  "min_f1": 0.6994270697672541,
  "max_f1": 1.0
}