{
  "macro_f1": 0.800628977321176,
  "per_class": {
    "healthy": {
      "precision": 0.8239202657807309,
      "recall": 0.7167630057803468,
      "f1": 0.7666151468315301,
      "support": 346.0
    },
    "air_system": {
      "precision": 0.6821705426356589,
      "recall": 0.7489361702127659,
      "f1": 0.7139959432048681,
      "support": 235.0
    },
    "fuel_system": {
      "precision": 0.46153846153846156,
      "recall": 0.7361963190184049,
      "f1": 0.5673758865248227,
      "support": 163.0
    },
    "coolant_temp_sensor": {
      "precision": 1.0,
      "recall": 0.9853658536585366,
      "f1": 0.9926289926289926,
      "support": 205.0
    },
    "throttle_position_sensor": {
      "precision": 1.0,
      "recall": 0.6170212765957447,
      "f1": 0.7631578947368421,
      "support": 188.0
    },
    "cold_start": {
      "precision": 1.0,
      "recall": 1.0,
      "f1": 1.0,
      "support": 29.0
    }
  },
  "confusion_matrix": [
    [
      248,
      51,
      47,
      0,
      0,
      0
    ],
    [
      12,
      176,
      47,
      0,
      0,
      0
    ],
    [
      12,
      31,
      120,
      0,
      0,
      0
    ],
    [
      3,
      0,
      0,
      202,
      0,
      0
    ],
    [
      26,
      0,
      46,
      0,
      116,
      0
    ],
    [
      0,
      0,
      0,
      0,
      0,
      29
    ]
  ],
  "label_order": [
    "healthy",
    "air_system",
    "fuel_system",
    "coolant_temp_sensor",
    "throttle_position_sensor",
    "cold_start"
  ],
  "test_sessions": [
    "drive1",
    "live12"
  ]
}