{
  "macro_f1": 0.7969835692437778,
  "per_class": {
    "healthy": {
      "precision": 0.8397212543554007,
      "recall": 0.6965317919075145,
      "f1": 0.7614533965244866,
      "support": 346.0
    },
    "air_system": {
      "precision": 0.6545454545454545,
      "recall": 0.7659574468085106,
      "f1": 0.7058823529411765,
      "support": 235.0
    },
    "fuel_system": {
      "precision": 0.4566929133858268,
      "recall": 0.7116564417177914,
      "f1": 0.5563549160671463,
      "support": 163.0
    },
    "coolant_temp_sensor": {
      "precision": 1.0,
      "recall": 0.9951219512195122,
      "f1": 0.9975550122249389,
      "support": 205.0
    },
    "throttle_position_sensor": {
      "precision": 0.9914529914529915,
      "recall": 0.6170212765957447,
      "f1": 0.760655737704918,
      "support": 188.0
    },
    "cold_start": {
      "precision": 1.0,
      "recall": 1.0,
      "f1": 1.0,
      "support": 29.0
    }
  },
  "confusion_matrix": [
    [
      241,
      57,
      47,
      0,
      1,
      0
    ],
    [
      10,
      180,
      45,
      0,
      0,
      0
    ],
    [
      10,
      37,
      116,
      0,
      0,
      0
    ],
    [
      1,
      0,
      0,
      204,
      0,
      0
    ],
    [
      25,
      1,
      46,
      0,
      116,
      0
    ],
    [
      0,
      0,
      0,
      0,
      0,
      29
    ]
  ],
  "label_order": [
    "healthy",
    "air_system",
    "fuel_system",
    "coolant_temp_sensor",
    "throttle_position_sensor",
    "cold_start"
  ],
  "test_sessions": [
    "drive1",
    "live12"
  ]
}