{
  "macro_f1": 0.7973704199221138,
  "per_class": {
    "healthy": {
      "precision": 0.8408304498269896,
      "recall": 0.7023121387283237,
      "f1": 0.7653543307086614,
      "support": 346.0
    },
    "air_system": {
      "precision": 0.6545454545454545,
      "recall": 0.7659574468085106,
      "f1": 0.7058823529411765,
      "support": 235.0
    },
    "fuel_system": {
      "precision": 0.4566929133858268,
      "recall": 0.7116564417177914,
      "f1": 0.5563549160671463,
      "support": 163.0
    },
    "coolant_temp_sensor": {
      "precision": 1.0,
      "recall": 0.9951219512195122,
      "f1": 0.9975550122249389,
      "support": 205.0
    },
    "throttle_position_sensor": {
      "precision": 1.0,
      "recall": 0.6117021276595744,
      "f1": 0.759075907590759,
      "support": 188.0
    },
    "cold_start": {
      "precision": 1.0,
      "recall": 1.0,
      "f1": 1.0,
      "support": 29.0
    }
  },
  "confusion_matrix": [
    [
      243,
      56,
      47,
      0,
      0,
      0
    ],
    [
      10,
      180,
      45,
      0,
      0,
      0
    ],
    [
      9,
      38,
      116,
      0,
      0,
      0
    ],
    [
      1,
      0,
      0,
      204,
      0,
      0
    ],
    [
      26,
      1,
      46,
      0,
      115,
      0
    ],
    [
      0,
      0,
      0,
      0,
      0,
      29
    ]
  ],
  "label_order": [
    "healthy",
    "air_system",
    "fuel_system",
    "coolant_temp_sensor",
    "throttle_position_sensor",
    "cold_start"
  ],
  "test_sessions": [
    "drive1",
    "live12"
  ]
}