{
  "macro_f1": 0.9648861157763081,
  "per_class": {
    "healthy": {
      "precision": 0.9692307692307692,
      "recall": 0.9104046242774566,
      "f1": 0.9388971684053651,
      "support": 346.0
    },
    "air_system": {
      "precision": 0.9292452830188679,
      "recall": 0.9563106796116505,
      "f1": 0.9425837320574163,
      "support": 206.0
    },
    "fuel_system": {
      "precision": 0.8933333333333333,
      "recall": 0.9757281553398058,
      "f1": 0.9327146171693735,
      "support": 206.0
    },
    "coolant_temp_sensor": {
      "precision": 1.0,
      "recall": 1.0,
      "f1": 1.0,
      "support": 206.0
    },
    "throttle_position_sensor": {
      "precision": 1.0,
      "recall": 0.9854368932038835,
      "f1": 0.9926650366748166,
      "support": 206.0
    },
    "cold_start": {
      "precision": 1.0,
      "recall": 0.9655172413793104,
      "f1": 0.9824561403508771,
      "support": 29.0
    }
  },
  "confusion_matrix": [
    [
      315,
      8,
      23,
      0,
      0,
      0
    ],
    [
      8,
      197,
      1,
      0,
      0,
      0
    ],
    [
      0,
      5,
      201,
      0,
      0,
      0
    ],
    [
      0,
      0,
      0,
      206,
      0,
      0
    ],
    [
      2,
      1,
      0,
      0,
      203,
      0
    ],
    [
      0,
      1,
      0,
      0,
      0,
      28
    ]
  ],
  "label_order": [
    "healthy",
    "air_system",
    "fuel_system",
    "coolant_temp_sensor",
    "throttle_position_sensor",
    "cold_start"
  ],
  "test_sessions": [
    "drive1",
    "live12"
  ]
}