{
  "macro_f1": 0.9619577794848921,
  "per_class": {
    "healthy": {
      "precision": 0.9910979228486647,
      "recall": 0.9653179190751445,
      "f1": 0.9780380673499268,
      "support": 346.0
    },
    "air_system": {
      "precision": 0.9698492462311558,
      "recall": 0.8654708520179372,
      "f1": 0.9146919431279621,
      "support": 223.0
    },
    "fuel_system": {
      "precision": 0.825,
      "recall": 0.9649122807017544,
      "f1": 0.889487870619946,
      "support": 171.0
    },
    "coolant_temp_sensor": {
      "precision": 1.0,
      "recall": 1.0,
      "f1": 1.0,
      "support": 216.0
    },
    "throttle_position_sensor": {
      "precision": 0.9792746113989638,
      "recall": 1.0,
      "f1": 0.9895287958115183,
      "support": 189.0
    },
    "cold_start": {
      "precision": 1.0,
      "recall": 1.0,
      "f1": 1.0,
      "support": 29.0
    }
  },
  "confusion_matrix": [
    [
      334,
      0,
      8,
      0,
      4,
      0
    ],
    [
      3,
      193,
      27,
      0,
      0,
      0
    ],
    [
      0,
      6,
      165,
      0,
      0,
      0
    ],
    [
      0,
      0,
      0,
      216,
      0,
      0
    ],
    [
      0,
      0,
      0,
      0,
      189,
      0
    ],
    [
      0,
      0,
      0,
      0,
      0,
      29
    ]
  ],
  "label_order": [
    "healthy",
    "air_system",
    "fuel_system",
    "coolant_temp_sensor",
    "throttle_position_sensor",
    "cold_start"
  ],
  "test_sessions": [
    "drive1",
    "live12"
  ]
}