{
  "vehicle": "X Y 2020",
  "capture_date": "2026-06-11T06:56:32",
  "n_rows": 350,
  "duration_s": 350,
  "n_windows": 30,
  "supported_pids": [
    "ACCELERATOR_PEDAL_POSITION_D",
    "ACCELERATOR_PEDAL_POSITION_E",
    "COMMANDED_THROTTLE_ACTUATOR",
    "CONTROL_MODULE_VOLTAGE",
    "COOLANT_TEMPERATURE",
    "ENGINE_LOAD",
    "ENGINE_RPM",
    "INTAKE_AIR_TEMPERATURE",
    "INTAKE_MANIFOLD_PRESSURE",
    "LONG_TERM_FUEL_TRIM_BANK_1",
    "SHORT_TERM_FUEL_TRIM_BANK_1",
    "THROTTLE",
    "TIMING_ADVANCE",
    "VEHICLE_SPEED"
  ],
  "missing_pids": [],
  "feature_means": {
    "ENGINE_RPM__mean": 1644.1947223970321,
    "ENGINE_RPM__std": 486.54359602221996,
    "ENGINE_RPM__min": 812.472017476086,
    "ENGINE_RPM__max": 2468.9881768184027,
    "ENGINE_RPM__delta": -113.17510063278614,
    "VEHICLE_SPEED__mean": 50.03349486139227,
    "VEHICLE_SPEED__std": 17.80057386949834,
    "VEHICLE_SPEED__min": 20.67215010482979,
    "VEHICLE_SPEED__max": 79.38462918180053,
    "VEHICLE_SPEED__delta": -1.2076040263834271,
    "THROTTLE__mean": 28.892530433854,
    "THROTTLE__std": 11.919236552977619,
    "THROTTLE__min": 10.576835352068267,
    "THROTTLE__max": 49.53845737483702,
    "THROTTLE__delta": -3.4968476892450155,
    "ENGINE_LOAD__mean": 30.703317301672765,
    "ENGINE_LOAD__std": 11.41883205627082,
    "ENGINE_LOAD__min": 10.58014742630792,
    "ENGINE_LOAD__max": 49.48346643387254,
    "ENGINE_LOAD__delta": 0.2399064962727379,
    "COOLANT_TEMPERATURE__mean": 89.9961983288976,
    "COOLANT_TEMPERATURE__std": 0.29951233850239806,
    "COOLANT_TEMPERATURE__min": 89.30074784237473,
    "COOLANT_TEMPERATURE__max": 90.68034591407397,
    "COOLANT_TEMPERATURE__delta": 0.15068213772939315,
    "LONG_TERM_FUEL_TRIM_BANK_1__mean": 30.836647051054207,
    "LONG_TERM_FUEL_TRIM_BANK_1__std": 11.349626729963461,
    "LONG_TERM_FUEL_TRIM_BANK_1__min": 10.538527701663373,
    "LONG_TERM_FUEL_TRIM_BANK_1__max": 49.24138318207775,
    "LONG_TERM_FUEL_TRIM_BANK_1__delta": 1.3603713444991703,
    "SHORT_TERM_FUEL_TRIM_BANK_1__mean": 30.895765000014087,
    "SHORT_TERM_FUEL_TRIM_BANK_1__std": 11.845212049365148,
    "SHORT_TERM_FUEL_TRIM_BANK_1__min": 10.783591770335688,
    "SHORT_TERM_FUEL_TRIM_BANK_1__max": 49.63781546473032,
    "SHORT_TERM_FUEL_TRIM_BANK_1__delta": 4.820191556215246,
    "INTAKE_MANIFOLD_PRESSURE__mean": 30.495968145974462,
    "INTAKE_MANIFOLD_PRESSURE__std": 11.508631721880956,
    "INTAKE_MANIFOLD_PRESSURE__min": 10.481059041522085,
    "INTAKE_MANIFOLD_PRESSURE__max": 49.51350122322242,
    "INTAKE_MANIFOLD_PRESSURE__delta": -0.6406171347913386,
    "ACCELERATOR_PEDAL_POSITION_D__mean": 29.895106829139014,
    "ACCELERATOR_PEDAL_POSITION_D__std": 11.363992869377672,
    "ACCELERATOR_PEDAL_POSITION_D__min": 10.643829275684551,
    "ACCELERATOR_PEDAL_POSITION_D__max": 49.64381116263125,
    "ACCELERATOR_PEDAL_POSITION_D__delta": 3.9106536161364764,
    "ACCELERATOR_PEDAL_POSITION_E__mean": 31.057102728249138,
    "ACCELERATOR_PEDAL_POSITION_E__std": 11.520307604737452,
    "ACCELERATOR_PEDAL_POSITION_E__min": 10.455952813221158,
    "ACCELERATOR_PEDAL_POSITION_E__max": 49.19004880034456,
    "ACCELERATOR_PEDAL_POSITION_E__delta": -2.803013400149238,
    "COMMANDED_THROTTLE_ACTUATOR__mean": 29.707356126028603,
    "COMMANDED_THROTTLE_ACTUATOR__std": 11.214918261330379,
    "COMMANDED_THROTTLE_ACTUATOR__min": 11.227238029036279,
    "COMMANDED_THROTTLE_ACTUATOR__max": 49.73918921863076,
    "COMMANDED_THROTTLE_ACTUATOR__delta": 3.751173485338154,
    "INTAKE_AIR_TEMPERATURE__mean": 28.13403878684296,
    "INTAKE_AIR_TEMPERATURE__std": 11.185127634779768,
    "INTAKE_AIR_TEMPERATURE__min": 10.759404938680175,
    "INTAKE_AIR_TEMPERATURE__max": 49.32088247518582,
    "INTAKE_AIR_TEMPERATURE__delta": 3.717949844679698,
    "TIMING_ADVANCE__mean": 28.44140429419275,
    "TIMING_ADVANCE__std": 11.757701849261156,
    "TIMING_ADVANCE__min": 10.50751902796508,
    "TIMING_ADVANCE__max": 49.28695540149359,
    "TIMING_ADVANCE__delta": 1.121718010195319,
    "CONTROL_MODULE_VOLTAGE__mean": 30.294261375207075,
    "CONTROL_MODULE_VOLTAGE__std": 11.431821122526205,
    "CONTROL_MODULE_VOLTAGE__min": 10.635469469541905,
    "CONTROL_MODULE_VOLTAGE__max": 49.24041422697326,
    "CONTROL_MODULE_VOLTAGE__delta": -3.5080454880319007,
    "THROTTLE_TO_PEDAL_RATIO": 1.0013014620393272,
    "MAP_PER_THROTTLE": 1.2948784144614514,
    "FUEL_TRIM_DIVERGENCE": -0.05911794895987607,
    "THROTTLE_CMD_ACTUAL_DELTA": -0.814825692174611,
    "COOLANT_WARMUP_RATE": -0.006751193419070678,
    "FUEL_LOOP_ACTIVE": 1.0,
    "RPM_IDLE_DRIFT": 0.0,
    "TIMING_VS_TEMP": 13.445251208485413
  },
  "feature_stds": {
    "ENGINE_RPM__mean": 65.03780397352138,
    "ENGINE_RPM__std": 27.003988682675963,
    "ENGINE_RPM__min": 8.787540514499277,
    "ENGINE_RPM__max": 35.96084747435929,
    "ENGINE_RPM__delta": 663.9538776460874,
    "VEHICLE_SPEED__mean": 2.475509507540307,
    "VEHICLE_SPEED__std": 0.6692281905166675,
    "VEHICLE_SPEED__min": 0.47737746653836816,
    "VEHICLE_SPEED__max": 0.741663914017119,
    "VEHICLE_SPEED__delta": 26.954834697308183,
    "THROTTLE__mean": 1.430588209531915,
    "THROTTLE__std": 0.4877713373625325,
    "THROTTLE__min": 0.39921459751645544,
    "THROTTLE__max": 0.25418342031806745,
    "THROTTLE__delta": 18.029083700611945,
    "ENGINE_LOAD__mean": 0.7878573125199362,
    "ENGINE_LOAD__std": 0.9948123277981928,
    "ENGINE_LOAD__min": 0.6040177558370353,
    "ENGINE_LOAD__max": 0.6109650636338917,
    "ENGINE_LOAD__delta": 17.392927178193847,
    "COOLANT_TEMPERATURE__mean": 0.041359629859448466,
    "COOLANT_TEMPERATURE__std": 0.014602273763613229,
    "COOLANT_TEMPERATURE__min": 0.14558845396199482,
    "COOLANT_TEMPERATURE__max": 0.15448396665425415,
    "COOLANT_TEMPERATURE__delta": 0.3986379840771451,
    "LONG_TERM_FUEL_TRIM_BANK_1__mean": 1.4910499380084983,
    "LONG_TERM_FUEL_TRIM_BANK_1__std": 0.6005218074273367,
    "LONG_TERM_FUEL_TRIM_BANK_1__min": 0.4456746819017598,
    "LONG_TERM_FUEL_TRIM_BANK_1__max": 0.7511021517458929,
    "LONG_TERM_FUEL_TRIM_BANK_1__delta": 14.112035617741352,
    "SHORT_TERM_FUEL_TRIM_BANK_1__mean": 0.9939609640688879,
    "SHORT_TERM_FUEL_TRIM_BANK_1__std": 0.6558696228600325,
    "SHORT_TERM_FUEL_TRIM_BANK_1__min": 0.7650904230252513,
    "SHORT_TERM_FUEL_TRIM_BANK_1__max": 0.3076986278352741,
    "SHORT_TERM_FUEL_TRIM_BANK_1__delta": 17.98885388226627,
    "INTAKE_MANIFOLD_PRESSURE__mean": 1.3690007757887959,
    "INTAKE_MANIFOLD_PRESSURE__std": 0.34956280071170537,
    "INTAKE_MANIFOLD_PRESSURE__min": 0.6341660031165363,
    "INTAKE_MANIFOLD_PRESSURE__max": 0.41178037621219304,
    "INTAKE_MANIFOLD_PRESSURE__delta": 16.200252378655165,
    "ACCELERATOR_PEDAL_POSITION_D__mean": 0.8322959815965606,
    "ACCELERATOR_PEDAL_POSITION_D__std": 0.4574072770899032,
    "ACCELERATOR_PEDAL_POSITION_D__min": 0.613268149182007,
    "ACCELERATOR_PEDAL_POSITION_D__max": 0.3284276032420343,
    "ACCELERATOR_PEDAL_POSITION_D__delta": 15.989597053422873,
    "ACCELERATOR_PEDAL_POSITION_E__mean": 1.346511591463169,
    "ACCELERATOR_PEDAL_POSITION_E__std": 0.4374944120135943,
    "ACCELERATOR_PEDAL_POSITION_E__min": 0.6365299940339165,
    "ACCELERATOR_PEDAL_POSITION_E__max": 0.44182478648521717,
    "ACCELERATOR_PEDAL_POSITION_E__delta": 14.723446197647819,
    "COMMANDED_THROTTLE_ACTUATOR__mean": 1.3101999200201557,
    "COMMANDED_THROTTLE_ACTUATOR__std": 0.5242872168056505,
    "COMMANDED_THROTTLE_ACTUATOR__min": 0.8642267679706818,
    "COMMANDED_THROTTLE_ACTUATOR__max": 0.3043085640970949,
    "COMMANDED_THROTTLE_ACTUATOR__delta": 18.071980364043807,
    "INTAKE_AIR_TEMPERATURE__mean": 0.9874908913554958,
    "INTAKE_AIR_TEMPERATURE__std": 0.4908122671788136,
    "INTAKE_AIR_TEMPERATURE__min": 0.9625309732778417,
    "INTAKE_AIR_TEMPERATURE__max": 0.6015360038304166,
    "INTAKE_AIR_TEMPERATURE__delta": 16.844083207309033,
    "TIMING_ADVANCE__mean": 0.9976953977847772,