{
  "vehicle": "uncatalogued",
  "capture_date": "2026-06-11T06:58:50",
  "n_rows": 720,
  "duration_s": 720,
  "n_windows": 67,
  "supported_pids": [
    "ACCELERATOR_PEDAL_POSITION_D",
    "ACCELERATOR_PEDAL_POSITION_E",
    "COMMANDED_THROTTLE_ACTUATOR",
    "CONTROL_MODULE_VOLTAGE",
    "COOLANT_TEMPERATURE",
    "ENGINE_LOAD",
    "ENGINE_RPM",
    "INTAKE_AIR_TEMPERATURE",
    "INTAKE_MANIFOLD_PRESSURE",
    "LONG_TERM_FUEL_TRIM_BANK_1",
    "SHORT_TERM_FUEL_TRIM_BANK_1",
    "THROTTLE",
    "TIMING_ADVANCE",
    "VEHICLE_SPEED"
  ],
  "missing_pids": [],
  "feature_means": {
    "ENGINE_RPM__mean": 910.1226368159205,
    "ENGINE_RPM__std": 34.351160101065,
    "ENGINE_RPM__min": 892.044776119403,
    "ENGINE_RPM__max": 1111.8507462686566,
    "ENGINE_RPM__delta": 23.71641791044776,
    "VEHICLE_SPEED__mean": 0.0,
    "VEHICLE_SPEED__std": 0.0,
    "VEHICLE_SPEED__min": 0.0,
    "VEHICLE_SPEED__max": 0.0,
    "VEHICLE_SPEED__delta": 0.0,
    "THROTTLE__mean": 20.395668715247307,
    "THROTTLE__std": 0.02284954204969116,
    "THROTTLE__min": 20.3921568627451,
    "THROTTLE__max": 20.567749487854844,
    "THROTTLE__delta": 0.0,
    "ENGINE_LOAD__mean": 50.01609599063505,
    "ENGINE_LOAD__std": 0.6352463698536258,
    "ENGINE_LOAD__min": 47.480245829675155,
    "ENGINE_LOAD__max": 51.82908984489317,
    "ENGINE_LOAD__delta": 0.3980099502487556,
    "COOLANT_TEMPERATURE__mean": 105.74253731343283,
    "COOLANT_TEMPERATURE__std": 0.15427101357283704,
    "COOLANT_TEMPERATURE__min": 105.56716417910448,
    "COOLANT_TEMPERATURE__max": 105.97014925373135,
    "COOLANT_TEMPERATURE__delta": -0.13432835820895522,
    "LONG_TERM_FUEL_TRIM_BANK_1__mean": -9.371501865671641,
    "LONG_TERM_FUEL_TRIM_BANK_1__std": 0.026869679621741867,
    "LONG_TERM_FUEL_TRIM_BANK_1__min": -9.375,
    "LONG_TERM_FUEL_TRIM_BANK_1__max": -9.165111940298507,
    "LONG_TERM_FUEL_TRIM_BANK_1__delta": 0.0,
    "SHORT_TERM_FUEL_TRIM_BANK_1__mean": 1.4814598880597014,
    "SHORT_TERM_FUEL_TRIM_BANK_1__std": 0.4095581136690241,
    "SHORT_TERM_FUEL_TRIM_BANK_1__min": 0.1982276119402985,
    "SHORT_TERM_FUEL_TRIM_BANK_1__max": 2.1455223880597014,
    "SHORT_TERM_FUEL_TRIM_BANK_1__delta": -0.02332089552238806,
    "INTAKE_MANIFOLD_PRESSURE__mean": 104.59626865671642,
    "INTAKE_MANIFOLD_PRESSURE__std": 0.11502161072040575,
    "INTAKE_MANIFOLD_PRESSURE__min": 104.4776119402985,
    "INTAKE_MANIFOLD_PRESSURE__max": 104.76119402985074,
    "INTAKE_MANIFOLD_PRESSURE__delta": 0.04477611940298507,
    "ACCELERATOR_PEDAL_POSITION_D__mean": 16.07843137254902,
    "ACCELERATOR_PEDAL_POSITION_D__std": 3.552713678800501e-15,
    "ACCELERATOR_PEDAL_POSITION_D__min": 16.078431372549016,
    "ACCELERATOR_PEDAL_POSITION_D__max": 16.078431372549016,
    "ACCELERATOR_PEDAL_POSITION_D__delta": 0.0,
    "ACCELERATOR_PEDAL_POSITION_E__mean": 31.76470588235296,
    "ACCELERATOR_PEDAL_POSITION_E__std": 0.0,
    "ACCELERATOR_PEDAL_POSITION_E__min": 31.76470588235296,
    "ACCELERATOR_PEDAL_POSITION_E__max": 31.76470588235296,
    "ACCELERATOR_PEDAL_POSITION_E__delta": 0.0,
    "COMMANDED_THROTTLE_ACTUATOR__mean": 20.39215686274511,
    "COMMANDED_THROTTLE_ACTUATOR__std": 7.105427357601002e-15,
    "COMMANDED_THROTTLE_ACTUATOR__min": 20.3921568627451,
    "COMMANDED_THROTTLE_ACTUATOR__max": 20.3921568627451,
    "COMMANDED_THROTTLE_ACTUATOR__delta": 0.0,
    "INTAKE_AIR_TEMPERATURE__mean": 53.0,
    "INTAKE_AIR_TEMPERATURE__std": 0.0,
    "INTAKE_AIR_TEMPERATURE__min": 53.0,
    "INTAKE_AIR_TEMPERATURE__max": 53.0,
    "INTAKE_AIR_TEMPERATURE__delta": 0.0,
    "TIMING_ADVANCE__mean": 3.146641791044776,
    "TIMING_ADVANCE__std": 0.533275267061753,
    "TIMING_ADVANCE__min": 2.8059701492537314,
    "TIMING_ADVANCE__max": 5.358208955223881,
    "TIMING_ADVANCE__delta": 0.11940298507462686,
    "CONTROL_MODULE_VOLTAGE__mean": 13.510348258706465,
    "CONTROL_MODULE_VOLTAGE__std": 0.01918685076356767,
    "CONTROL_MODULE_VOLTAGE__min": 13.47313432835821,
    "CONTROL_MODULE_VOLTAGE__max": 13.546268656716418,
    "CONTROL_MODULE_VOLTAGE__delta": 0.005970149253731322,
    "THROTTLE_TO_PEDAL_RATIO": 1.2682138062144916,
    "MAP_PER_THROTTLE": 5.128177320866169,
    "FUEL_TRIM_DIVERGENCE": -10.852961753731343,
    "THROTTLE_CMD_ACTUAL_DELTA": 0.0035118525021949165,
    "COOLANT_WARMUP_RATE": -0.13429103440843523,
    "FUEL_LOOP_ACTIVE": 0.8805970149253731,
    "RPM_IDLE_DRIFT": 34.351160101065,
    "TIMING_VS_TEMP": -11.853358208955223
  },
  "feature_stds": {
    "ENGINE_RPM__mean": 18.405743187053485,
    "ENGINE_RPM__std": 64.5048625923087,
    "ENGINE_RPM__min": 13.183473186091172,
    "ENGINE_RPM__max": 417.139521872956,
    "ENGINE_RPM__delta": 189.98333045258258,
    "VEHICLE_SPEED__mean": 0.0,
    "VEHICLE_SPEED__std": 0.0,
    "VEHICLE_SPEED__min": 0.0,
    "VEHICLE_SPEED__max": 0.0,
    "VEHICLE_SPEED__delta": 0.0,
    "THROTTLE__mean": 0.011197615727075753,
    "THROTTLE__std": 0.07285624645457321,
    "THROTTLE__min": 0.0,
    "THROTTLE__max": 0.5598807863537897,
    "THROTTLE__delta": 0.0,
    "ENGINE_LOAD__mean": 0.7906237636452141,
    "ENGINE_LOAD__std": 1.3180789406671538,
    "ENGINE_LOAD__min": 6.054950420226012,
    "ENGINE_LOAD__max": 4.089243572500073,
    "ENGINE_LOAD__delta": 1.9654524908481177,
    "COOLANT_TEMPERATURE__mean": 1.1700848418661451,
    "COOLANT_TEMPERATURE__std": 0.3319907638873903,
    "COOLANT_TEMPERATURE__min": 1.0957704383867255,
    "COOLANT_TEMPERATURE__max": 1.3379662585680578,
    "COOLANT_TEMPERATURE__delta": 0.9125251562765835,
    "LONG_TERM_FUEL_TRIM_BANK_1__mean": 0.0111538750406419,
    "LONG_TERM_FUEL_TRIM_BANK_1__std": 0.08567453984068434,
    "LONG_TERM_FUEL_TRIM_BANK_1__min": 0.0,
    "LONG_TERM_FUEL_TRIM_BANK_1__max": 0.6692325024385142,
    "LONG_TERM_FUEL_TRIM_BANK_1__delta": 0.0,
    "SHORT_TERM_FUEL_TRIM_BANK_1__mean": 0.726617808036067,
    "SHORT_TERM_FUEL_TRIM_BANK_1__std": 0.46096573933968576,
    "SHORT_TERM_FUEL_TRIM_BANK_1__min": 1.676916718405814,
    "SHORT_TERM_FUEL_TRIM_BANK_1__max": 0.878334402297877,
    "SHORT_TERM_FUEL_TRIM_BANK_1__delta": 1.3630260444218711,
    "INTAKE_MANIFOLD_PRESSURE__mean": 0.4377295265768206,
    "INTAKE_MANIFOLD_PRESSURE__std": 0.18946038204366772,
    "INTAKE_MANIFOLD_PRESSURE__min": 0.4994985233039258,
    "INTAKE_MANIFOLD_PRESSURE__max": 0.42635393603240906,
    "INTAKE_MANIFOLD_PRESSURE__delta": 0.47103683098685073,
    "ACCELERATOR_PEDAL_POSITION_D__mean": 0.0,
    "ACCELERATOR_PEDAL_POSITION_D__std": 0.0,
    "ACCELERATOR_PEDAL_POSITION_D__min": 0.0,
    "ACCELERATOR_PEDAL_POSITION_D__max": 0.0,
    "ACCELERATOR_PEDAL_POSITION_D__delta": 0.0,
    "ACCELERATOR_PEDAL_POSITION_E__mean": 0.0,
    "ACCELERATOR_PEDAL_POSITION_E__std": 0.0,
    "ACCELERATOR_PEDAL_POSITION_E__min": 0.0,
    "ACCELERATOR_PEDAL_POSITION_E__max": 0.0,
    "ACCELERATOR_PEDAL_POSITION_E__delta": 0.0,
    "COMMANDED_THROTTLE_ACTUATOR__mean": 0.0,
    "COMMANDED_THROTTLE_ACTUATOR__std": 0.0,
    "COMMANDED_THROTTLE_ACTUATOR__min": 0.0,
    "COMMANDED_THROTTLE_ACTUATOR__max": 0.0,
    "COMMANDED_THROTTLE_ACTUATOR__delta": 0.0,
    "INTAKE_AIR_TEMPERATURE__mean": 0.0,
    "INTAKE_AIR_TEMPERATURE__std": 0.0,
    "INTAKE_AIR_TEMPERATURE__min": 0.0,
    "INTAKE_AIR_TEMPERATURE__max": 0.0,
    "INTAKE_AIR_TEMPERATURE__delta": 0.0,
    "TIMING_ADVANCE__mean": 0.6729046768974715,
    "TIMING_ADVANCE__std": 1.2174445282739292,
    "TIMING_ADVANCE__min": 0.3954519790893066,
    "TIMING_ADVANCE__max": 5.999257398167881,
    "TIMING_ADVANCE__delta": 2.324575955936149,
    "CONTROL_MODULE_VOLTAGE__mean": 0.018448389111663042,
    "CONTROL_MODULE_VOLTAGE__std": 0.02069338863580903,
    "CONTROL_MODULE_VOLTAGE__min": 0.04432609673109685,
    "CONTROL_MODULE_VOLTAGE__max": 0.04986057638355225,
    "CONTROL_MODULE_VOLTAGE__delta": 0.054308672831821454,
    "THROTTLE_TO_PEDAL_RATIO": 0.0,
    "MAP_PER_THROTTLE": 0.0220733267275246,
    "FUEL_TRIM_DIVERGENCE": 0.7306275245360834,
    "THROTTLE_CMD_ACTUAL_DELTA": 0.01119761572707582,