{
  "vehicle": "My Test Vehicle",
  "capture_date": "2026-06-26T03:28:41",
  "n_rows": 350,
  "duration_s": 350,
  "n_windows": 30,
  "supported_pids": [
    "ACCELERATOR_PEDAL_POSITION_D",
    "ACCELERATOR_PEDAL_POSITION_E",
    "COMMANDED_THROTTLE_ACTUATOR",
    "CONTROL_MODULE_VOLTAGE",
    "COOLANT_TEMPERATURE",
    "ENGINE_LOAD",
    "ENGINE_RPM",
    "INTAKE_AIR_TEMPERATURE",
    "INTAKE_MANIFOLD_PRESSURE",
    "LONG_TERM_FUEL_TRIM_BANK_1",
    "SHORT_TERM_FUEL_TRIM_BANK_1",
    "THROTTLE",
    "TIMING_ADVANCE",
    "VEHICLE_SPEED"
  ],
  "missing_pids": [],
  "feature_means": {
    "ENGINE_RPM__mean": 1621.1045408467014,
    "ENGINE_RPM__std": 484.3658704027746,
    "ENGINE_RPM__min": 832.949764642621,
    "ENGINE_RPM__max": 2458.4007595749563,
    "ENGINE_RPM__delta": -50.37447210113228,
    "VEHICLE_SPEED__mean": 50.70015843348141,
    "VEHICLE_SPEED__std": 17.46025221638764,
    "VEHICLE_SPEED__min": 20.645336934917463,
    "VEHICLE_SPEED__max": 79.3968950138555,
    "VEHICLE_SPEED__delta": -5.6826613274432605,
    "THROTTLE__mean": 31.81946390029871,
    "THROTTLE__std": 16.134861647652887,
    "THROTTLE__min": 5.775656815917321,
    "THROTTLE__max": 59.27303665252904,
    "THROTTLE__delta": 3.7753794485239087,
    "ENGINE_LOAD__mean": 44.77411408319668,
    "ENGINE_LOAD__std": 14.496383650886363,
    "ENGINE_LOAD__min": 20.478803509851666,
    "ENGINE_LOAD__max": 69.5509320114993,
    "ENGINE_LOAD__delta": 2.2116313544274755,
    "COOLANT_TEMPERATURE__mean": 89.9778336987152,
    "COOLANT_TEMPERATURE__std": 0.30903727321272084,
    "COOLANT_TEMPERATURE__min": 89.22376798424996,
    "COOLANT_TEMPERATURE__max": 90.69376804684768,
    "COOLANT_TEMPERATURE__delta": 0.04645216944497766,
    "LONG_TERM_FUEL_TRIM_BANK_1__mean": -0.03377042221220805,
    "LONG_TERM_FUEL_TRIM_BANK_1__std": 1.7148786437181447,
    "LONG_TERM_FUEL_TRIM_BANK_1__min": -2.893588069055367,
    "LONG_TERM_FUEL_TRIM_BANK_1__max": 2.899614643534176,
    "LONG_TERM_FUEL_TRIM_BANK_1__delta": 0.5012543303632586,
    "SHORT_TERM_FUEL_TRIM_BANK_1__mean": -0.05411390610760723,
    "SHORT_TERM_FUEL_TRIM_BANK_1__std": 1.166482156945052,
    "SHORT_TERM_FUEL_TRIM_BANK_1__min": -1.912961521992909,
    "SHORT_TERM_FUEL_TRIM_BANK_1__max": 1.9752574915700305,
    "SHORT_TERM_FUEL_TRIM_BANK_1__delta": 0.375863937111758,
    "INTAKE_MANIFOLD_PRESSURE__mean": 55.92941199451545,
    "INTAKE_MANIFOLD_PRESSURE__std": 14.10492773382455,
    "INTAKE_MANIFOLD_PRESSURE__min": 31.031742755644338,
    "INTAKE_MANIFOLD_PRESSURE__max": 79.23316952347628,
    "INTAKE_MANIFOLD_PRESSURE__delta": -3.978253757556501,
    "ACCELERATOR_PEDAL_POSITION_D__mean": 34.39441934358033,
    "ACCELERATOR_PEDAL_POSITION_D__std": 14.371921598354938,
    "ACCELERATOR_PEDAL_POSITION_D__min": 10.702947161086065,
    "ACCELERATOR_PEDAL_POSITION_D__max": 59.27874662191153,
    "ACCELERATOR_PEDAL_POSITION_D__delta": -7.349822202212164,
    "ACCELERATOR_PEDAL_POSITION_E__mean": 33.978316767260324,
    "ACCELERATOR_PEDAL_POSITION_E__std": 14.660680725360589,
    "ACCELERATOR_PEDAL_POSITION_E__min": 10.503585637030195,
    "ACCELERATOR_PEDAL_POSITION_E__max": 59.06581153137846,
    "ACCELERATOR_PEDAL_POSITION_E__delta": 1.9368686102309027,
    "COMMANDED_THROTTLE_ACTUATOR__mean": 32.88581064359654,
    "COMMANDED_THROTTLE_ACTUATOR__std": 15.496056249952959,
    "COMMANDED_THROTTLE_ACTUATOR__min": 6.3297773503265145,
    "COMMANDED_THROTTLE_ACTUATOR__max": 59.10900356192659,
    "COMMANDED_THROTTLE_ACTUATOR__delta": 3.6429923760841327,
    "INTAKE_AIR_TEMPERATURE__mean": 29.789097506445604,
    "INTAKE_AIR_TEMPERATURE__std": 5.486641332095233,
    "INTAKE_AIR_TEMPERATURE__min": 20.426329589438033,
    "INTAKE_AIR_TEMPERATURE__max": 39.706534097635945,
    "INTAKE_AIR_TEMPERATURE__delta": 2.743059916828368,
    "TIMING_ADVANCE__mean": 16.253207663193127,
    "TIMING_ADVANCE__std": 4.951712763693403,
    "TIMING_ADVANCE__min": 8.170608424220154,
    "TIMING_ADVANCE__max": 24.727267003309354,
    "TIMING_ADVANCE__delta": 2.2498088742015914,
    "CONTROL_MODULE_VOLTAGE__mean": 13.974770110216925,
    "CONTROL_MODULE_VOLTAGE__std": 0.27592725458176975,
    "CONTROL_MODULE_VOLTAGE__min": 13.517882838809276,
    "CONTROL_MODULE_VOLTAGE__max": 14.487444694007788,
    "CONTROL_MODULE_VOLTAGE__delta": -0.06316644568589892,
    "THROTTLE_TO_PEDAL_RATIO": 0.9189141577587648,
    "MAP_PER_THROTTLE": 2.636586820811396,
    "FUEL_TRIM_DIVERGENCE": 0.02034348389539918,
    "THROTTLE_CMD_ACTUAL_DELTA": -1.0663467432978389,
    "COOLANT_WARMUP_RATE": 0.0008834777681252945,
    "FUEL_LOOP_ACTIVE": 1.0,
    "RPM_IDLE_DRIFT": 0.0,
    "TIMING_VS_TEMP": 1.2592082826516668
  },
  "feature_stds": {
    "ENGINE_RPM__mean": 43.28067864375325,
    "ENGINE_RPM__std": 26.15567721232562,
    "ENGINE_RPM__min": 17.955746196602185,
    "ENGINE_RPM__max": 16.795340277352608,
    "ENGINE_RPM__delta": 778.5690362090827,
    "VEHICLE_SPEED__mean": 1.7785517239240798,
    "VEHICLE_SPEED__std": 1.3222066928982177,
    "VEHICLE_SPEED__min": 0.5389686586335511,
    "VEHICLE_SPEED__max": 0.6550398135849949,
    "VEHICLE_SPEED__delta": 20.42722092972338,
    "THROTTLE__mean": 2.1303949411593623,
    "THROTTLE__std": 0.5183761935324455,
    "THROTTLE__min": 0.971047852509664,
    "THROTTLE__max": 0.5202722805526324,
    "THROTTLE__delta": 20.9890352926758,
    "ENGINE_LOAD__mean": 1.4082891801589095,
    "ENGINE_LOAD__std": 0.5632546623882809,
    "ENGINE_LOAD__min": 0.6712552256161706,
    "ENGINE_LOAD__max": 0.46282944038752794,
    "ENGINE_LOAD__delta": 23.057353397417014,
    "COOLANT_TEMPERATURE__mean": 0.04231512460137986,
    "COOLANT_TEMPERATURE__std": 0.016291978662571743,
    "COOLANT_TEMPERATURE__min": 0.07845985187778341,
    "COOLANT_TEMPERATURE__max": 0.10876810695939432,
    "COOLANT_TEMPERATURE__delta": 0.3615252901787493,
    "LONG_TERM_FUEL_TRIM_BANK_1__mean": 0.20634469806251501,
    "LONG_TERM_FUEL_TRIM_BANK_1__std": 0.09490484461306108,
    "LONG_TERM_FUEL_TRIM_BANK_1__min": 0.11913150794856249,
    "LONG_TERM_FUEL_TRIM_BANK_1__max": 0.08034721947956032,
    "LONG_TERM_FUEL_TRIM_BANK_1__delta": 2.278602469539219,
    "SHORT_TERM_FUEL_TRIM_BANK_1__mean": 0.11622428232787611,
    "SHORT_TERM_FUEL_TRIM_BANK_1__std": 0.03537657082954732,
    "SHORT_TERM_FUEL_TRIM_BANK_1__min": 0.06107744378615302,
    "SHORT_TERM_FUEL_TRIM_BANK_1__max": 0.017078276986975317,
    "SHORT_TERM_FUEL_TRIM_BANK_1__delta": 1.0365855863219353,
    "INTAKE_MANIFOLD_PRESSURE__mean": 1.4502764935922756,
    "INTAKE_MANIFOLD_PRESSURE__std": 0.8285581429750971,
    "INTAKE_MANIFOLD_PRESSURE__min": 1.0287373694647304,
    "INTAKE_MANIFOLD_PRESSURE__max": 0.7039591158147649,
    "INTAKE_MANIFOLD_PRESSURE__delta": 22.189025725072725,
    "ACCELERATOR_PEDAL_POSITION_D__mean": 1.5463507734324167,
    "ACCELERATOR_PEDAL_POSITION_D__std": 0.7726322940457913,
    "ACCELERATOR_PEDAL_POSITION_D__min": 0.8392895890893681,
    "ACCELERATOR_PEDAL_POSITION_D__max": 0.5142249087966716,
    "ACCELERATOR_PEDAL_POSITION_D__delta": 19.53003392770217,
    "ACCELERATOR_PEDAL_POSITION_E__mean": 1.4600179330825869,
    "ACCELERATOR_PEDAL_POSITION_E__std": 0.7166165649506065,
    "ACCELERATOR_PEDAL_POSITION_E__min": 0.44892072359473845,
    "ACCELERATOR_PEDAL_POSITION_E__max": 0.7173452662286384,
    "ACCELERATOR_PEDAL_POSITION_E__delta": 23.31006895396834,
    "COMMANDED_THROTTLE_ACTUATOR__mean": 2.5418256807701747,
    "COMMANDED_THROTTLE_ACTUATOR__std": 0.7125264274202736,
    "COMMANDED_THROTTLE_ACTUATOR__min": 0.9902569122744704,
    "COMMANDED_THROTTLE_ACTUATOR__max": 0.8758414664298466,
    "COMMANDED_THROTTLE_ACTUATOR__delta": 21.48590174954545,
    "INTAKE_AIR_TEMPERATURE__mean": 0.9802079010797411,
    "INTAKE_AIR_TEMPERATURE__std": 0.24226178866660975,
    "INTAKE_AIR_TEMPERATURE__min": 0.2623685320897249,
    "INTAKE_AIR_TEMPERATURE__max": 0.31598701777060245,
    "INTAKE_AIR_TEMPERATURE__delta": 5.310914132850832,
    "TIMING_ADVANCE__mean": 0.5000621557308864,