{
  "vehicle": "My Test Vehicle",
  "capture_date": "2026-06-03T22:13:38",
  "n_rows": 350,
  "duration_s": 350,
  "n_windows": 30,
  "supported_pids": [
    "ACCELERATOR_PEDAL_POSITION_D",
    "ACCELERATOR_PEDAL_POSITION_E",
    "COMMANDED_THROTTLE_ACTUATOR",
    "CONTROL_MODULE_VOLTAGE",
    "COOLANT_TEMPERATURE",
    "ENGINE_LOAD",
    "ENGINE_RPM",
    "INTAKE_AIR_TEMPERATURE",
    "INTAKE_MANIFOLD_PRESSURE",
    "LONG_TERM_FUEL_TRIM_BANK_1",
    "SHORT_TERM_FUEL_TRIM_BANK_1",
    "THROTTLE",
    "TIMING_ADVANCE",
    "VEHICLE_SPEED"
  ],
  "missing_pids": [],
  "feature_means": {
    "ENGINE_RPM__mean": 1621.1045408467014,
    "ENGINE_RPM__std": 484.3658704027746,
    "ENGINE_RPM__min": 832.949764642621,
    "ENGINE_RPM__max": 2458.4007595749563,
    "ENGINE_RPM__delta": -50.37447210113228,
    "VEHICLE_SPEED__mean": 50.70015843348141,
    "VEHICLE_SPEED__std": 17.46025221638764,
    "VEHICLE_SPEED__min": 20.645336934917463,
    "VEHICLE_SPEED__max": 79.3968950138555,
    "VEHICLE_SPEED__delta": -5.6826613274432605,
    "THROTTLE__mean": 31.81946390029871,
    "THROTTLE__std": 16.134861647652887,
    "THROTTLE__min": 5.775656815917321,
    "THROTTLE__max": 59.27303665252904,
    "THROTTLE__delta": 3.7753794485239087,
    "ENGINE_LOAD__mean": 44.77411408319668,
    "ENGINE_LOAD__std": 14.496383650886363,
    "ENGINE_LOAD__min": 20.478803509851666,
    "ENGINE_LOAD__max": 69.5509320114993,
    "ENGINE_LOAD__delta": 2.2116313544274755,
    "COOLANT_TEMPERATURE__mean": 90.0,
    "COOLANT_TEMPERATURE__std": 0.0,
    "COOLANT_TEMPERATURE__min": 90.0,
    "COOLANT_TEMPERATURE__max": 90.0,
    "COOLANT_TEMPERATURE__delta": 0.0,
    "LONG_TERM_FUEL_TRIM_BANK_1__mean": 0.09739753985559739,
    "LONG_TERM_FUEL_TRIM_BANK_1__std": 1.7018557823759781,
    "LONG_TERM_FUEL_TRIM_BANK_1__min": -2.8214727885451554,
    "LONG_TERM_FUEL_TRIM_BANK_1__max": 2.9299386667043494,
    "LONG_TERM_FUEL_TRIM_BANK_1__delta": -0.2774278070369378,
    "SHORT_TERM_FUEL_TRIM_BANK_1__mean": -0.025153050019056118,
    "SHORT_TERM_FUEL_TRIM_BANK_1__std": 1.1420510775727304,
    "SHORT_TERM_FUEL_TRIM_BANK_1__min": -1.9304458276729775,
    "SHORT_TERM_FUEL_TRIM_BANK_1__max": 1.9287569369765722,
    "SHORT_TERM_FUEL_TRIM_BANK_1__delta": 0.12435675748597332,
    "INTAKE_MANIFOLD_PRESSURE__mean": 54.27339530422285,
    "INTAKE_MANIFOLD_PRESSURE__std": 14.594640128215412,
    "INTAKE_MANIFOLD_PRESSURE__min": 31.074183405255567,
    "INTAKE_MANIFOLD_PRESSURE__max": 79.64781343651289,
    "INTAKE_MANIFOLD_PRESSURE__delta": 0.7580896388726008,
    "ACCELERATOR_PEDAL_POSITION_D__mean": 35.936406847432416,
    "ACCELERATOR_PEDAL_POSITION_D__std": 14.076570970824775,
    "ACCELERATOR_PEDAL_POSITION_D__min": 10.997084232683815,
    "ACCELERATOR_PEDAL_POSITION_D__max": 59.175541936500004,
    "ACCELERATOR_PEDAL_POSITION_D__delta": -0.9622772518810794,
    "ACCELERATOR_PEDAL_POSITION_E__mean": 34.40974430008873,
    "ACCELERATOR_PEDAL_POSITION_E__std": 14.347743682192588,
    "ACCELERATOR_PEDAL_POSITION_E__min": 10.728353900176815,
    "ACCELERATOR_PEDAL_POSITION_E__max": 59.21866764076105,
    "ACCELERATOR_PEDAL_POSITION_E__delta": -3.6988465450052366,
    "COMMANDED_THROTTLE_ACTUATOR__mean": 31.4408655897846,
    "COMMANDED_THROTTLE_ACTUATOR__std": 16.173370423948498,
    "COMMANDED_THROTTLE_ACTUATOR__min": 5.5913215588077,
    "COMMANDED_THROTTLE_ACTUATOR__max": 58.888822365174626,
    "COMMANDED_THROTTLE_ACTUATOR__delta": -4.206211452221932,
    "INTAKE_AIR_TEMPERATURE__mean": 30.15652873060726,
    "INTAKE_AIR_TEMPERATURE__std": 5.6491942921516225,
    "INTAKE_AIR_TEMPERATURE__min": 20.463398009518937,
    "INTAKE_AIR_TEMPERATURE__max": 39.67820736848939,
    "INTAKE_AIR_TEMPERATURE__delta": -1.4163677847966682,
    "TIMING_ADVANCE__mean": 16.308196808320933,
    "TIMING_ADVANCE__std": 4.658802259273609,
    "TIMING_ADVANCE__min": 8.362380151022336,
    "TIMING_ADVANCE__max": 24.749413185056277,
    "TIMING_ADVANCE__delta": 1.419948665042159,
    "CONTROL_MODULE_VOLTAGE__mean": 13.985342326071935,
    "CONTROL_MODULE_VOLTAGE__std": 0.29065351783398263,
    "CONTROL_MODULE_VOLTAGE__min": 13.511107822569196,
    "CONTROL_MODULE_VOLTAGE__max": 14.483016715454365,
    "CONTROL_MODULE_VOLTAGE__delta": 0.053870421884765145,
    "THROTTLE_TO_PEDAL_RATIO": 0.8784001354501315,
    "MAP_PER_THROTTLE": 2.544180661778136,
    "FUEL_TRIM_DIVERGENCE": 0.12255058987465352,
    "THROTTLE_CMD_ACTUAL_DELTA": 0.3785983105141034,
    "COOLANT_WARMUP_RATE": -3.951516773116458e-14,
    "FUEL_LOOP_ACTIVE": 1.0,
    "RPM_IDLE_DRIFT": 0.0,
    "TIMING_VS_TEMP": 1.3081968083209337
  },
  "feature_stds": {
    "ENGINE_RPM__mean": 43.28067864375325,
    "ENGINE_RPM__std": 26.15567721232562,
    "ENGINE_RPM__min": 17.955746196602185,
    "ENGINE_RPM__max": 16.795340277352608,
    "ENGINE_RPM__delta": 778.5690362090827,
    "VEHICLE_SPEED__mean": 1.7785517239240798,
    "VEHICLE_SPEED__std": 1.3222066928982177,
    "VEHICLE_SPEED__min": 0.5389686586335511,
    "VEHICLE_SPEED__max": 0.6550398135849949,
    "VEHICLE_SPEED__delta": 20.42722092972338,
    "THROTTLE__mean": 2.1303949411593623,
    "THROTTLE__std": 0.5183761935324455,
    "THROTTLE__min": 0.971047852509664,
    "THROTTLE__max": 0.5202722805526324,
    "THROTTLE__delta": 20.9890352926758,
    "ENGINE_LOAD__mean": 1.4082891801589095,
    "ENGINE_LOAD__std": 0.5632546623882809,
    "ENGINE_LOAD__min": 0.6712552256161706,
    "ENGINE_LOAD__max": 0.46282944038752794,
    "ENGINE_LOAD__delta": 23.057353397417014,
    "COOLANT_TEMPERATURE__mean": 0.0,
    "COOLANT_TEMPERATURE__std": 0.0,
    "COOLANT_TEMPERATURE__min": 0.0,
    "COOLANT_TEMPERATURE__max": 0.0,
    "COOLANT_TEMPERATURE__delta": 0.0,
    "LONG_TERM_FUEL_TRIM_BANK_1__mean": 0.1680620057522463,
    "LONG_TERM_FUEL_TRIM_BANK_1__std": 0.08160228987020714,
    "LONG_TERM_FUEL_TRIM_BANK_1__min": 0.11122339571665293,
    "LONG_TERM_FUEL_TRIM_BANK_1__max": 0.06719634507192894,
    "LONG_TERM_FUEL_TRIM_BANK_1__delta": 2.6169903805218713,
    "SHORT_TERM_FUEL_TRIM_BANK_1__mean": 0.13579883206483181,
    "SHORT_TERM_FUEL_TRIM_BANK_1__std": 0.06656360803677781,
    "SHORT_TERM_FUEL_TRIM_BANK_1__min": 0.07714617390796702,
    "SHORT_TERM_FUEL_TRIM_BANK_1__max": 0.06551006876922437,
    "SHORT_TERM_FUEL_TRIM_BANK_1__delta": 1.6274025719474978,
    "INTAKE_MANIFOLD_PRESSURE__mean": 1.3887030268357343,
    "INTAKE_MANIFOLD_PRESSURE__std": 0.4673582459903819,
    "INTAKE_MANIFOLD_PRESSURE__min": 0.7482283103471938,
    "INTAKE_MANIFOLD_PRESSURE__max": 0.29892847003376555,
    "INTAKE_MANIFOLD_PRESSURE__delta": 22.801168628297262,
    "ACCELERATOR_PEDAL_POSITION_D__mean": 1.5630686516981536,
    "ACCELERATOR_PEDAL_POSITION_D__std": 0.8059756648894488,
    "ACCELERATOR_PEDAL_POSITION_D__min": 1.02493987937837,
    "ACCELERATOR_PEDAL_POSITION_D__max": 0.7295061772121355,
    "ACCELERATOR_PEDAL_POSITION_D__delta": 20.131887901764042,
    "ACCELERATOR_PEDAL_POSITION_E__mean": 1.5922588400344848,
    "ACCELERATOR_PEDAL_POSITION_E__std": 0.7515068546300141,
    "ACCELERATOR_PEDAL_POSITION_E__min": 0.8262636438327593,
    "ACCELERATOR_PEDAL_POSITION_E__max": 0.6847347817083543,
    "ACCELERATOR_PEDAL_POSITION_E__delta": 20.921829268093607,
    "COMMANDED_THROTTLE_ACTUATOR__mean": 1.5317241165848015,
    "COMMANDED_THROTTLE_ACTUATOR__std": 0.8421319421313864,
    "COMMANDED_THROTTLE_ACTUATOR__min": 0.5302660752141097,
    "COMMANDED_THROTTLE_ACTUATOR__max": 0.8687431607019751,
    "COMMANDED_THROTTLE_ACTUATOR__delta": 27.342708408491813,
    "INTAKE_AIR_TEMPERATURE__mean": 0.9811063010521162,
    "INTAKE_AIR_TEMPERATURE__std": 0.23665285264682262,
    "INTAKE_AIR_TEMPERATURE__min": 0.34434631125320087,
    "INTAKE_AIR_TEMPERATURE__max": 0.3156535776010304,
    "INTAKE_AIR_TEMPERATURE__delta": 7.3264036482139,
    "TIMING_ADVANCE__mean": 0.8289111071580592,
    "TIMING_ADVANCE__std": 0.21413896592441742,
    "TIMING_ADVANCE__min": 0.22301325227626606,
    "TIMING_ADVANCE__max": 0.2957754169596271,